date,exchange_rate
2021-04-08,1117.5
2021-04-09,1121.0
2021-04-10,1121.0
2021-04-11,1121.0
2021-04-12,1125.0
2021-04-13,1124.5
2021-04-14,1115.5
2021-04-15,1116.5
2021-04-16,1117.0
2021-04-17,1117.0
2021-04-18,1117.0
2021-04-19,1115.0
2021-04-20,1114.5
2021-04-21,1119.0
2021-04-22,1117.5
2021-04-23,1117.5
2021-04-24,1117.5
2021-04-25,1117.5
2021-04-26,1111.0
2021-04-27,1112.0
2021-04-28,1114.0
2021-04-29,1108.5
2021-04-30,1117.5
2021-05-01,1117.5
2021-05-02,1117.5
2021-05-03,1123.0
2021-05-04,1126.0
2021-05-05,1126.0
2021-05-06,1124.0
2021-05-07,1120.5
2021-05-08,1120.5
2021-05-09,1120.5
2021-05-10,1113.5
2021-05-11,1119.0
2021-05-12,1125.5
2021-05-13,1133.5
2021-05-14,1129.5
2021-05-15,1129.5
2021-05-16,1129.5
2021-05-17,1138.0
2021-05-18,1129.0
2021-05-19,1129.0
2021-05-20,1132.5
2021-05-21,1127.5
2021-05-22,1127.5
2021-05-23,1127.5
2021-05-24,1126.5
2021-05-25,1123.0
2021-05-26,1117.0
2021-05-27,1117.0
2021-05-28,1115.0
2021-05-29,1115.0
2021-05-30,1115.0
2021-05-31,1108.5
2021-06-01,1109.5
2021-06-02,1113.5
2021-06-03,1114.5
2021-06-04,1116.5
2021-06-05,1116.5
2021-06-06,1116.5
2021-06-07,1112.5
2021-06-08,1116.0
2021-06-09,1113.5
2021-06-10,1116.0
2021-06-11,1116.5
2021-06-12,1116.5
2021-06-13,1116.5
2021-06-14,1119.0
2021-06-15,1118.0
2021-06-16,1118.5
2021-06-17,1134.0
2021-06-18,1132.0
2021-06-19,1132.0
2021-06-20,1132.0
2021-06-21,1133.0
2021-06-22,1135.0
2021-06-23,1136.5
2021-06-24,1133.0
2021-06-25,1128.5
2021-06-26,1128.5
2021-06-27,1128.5
2021-06-28,1131.5
2021-06-29,1131.8
2021-06-30,1128.5
2021-07-01,1133.0
2021-07-02,1136.0
2021-07-03,1136.0
2021-07-04,1136.0
2021-07-05,1131.0
2021-07-06,1134.0
2021-07-07,1137.5
2021-07-08,1149.5
2021-07-09,1148.5
2021-07-10,1148.5
2021-07-11,1148.5
2021-07-12,1148.0
2021-07-13,1145.5
2021-07-14,1150.0
2021-07-15,1142.0
2021-07-16,1141.0
2021-07-17,1141.0
2021-07-18,1141.0
2021-07-19,1152.0
2021-07-20,1149.0
2021-07-21,1154.5
2021-07-22,1149.5
2021-07-23,1151.5
2021-07-24,1151.5
2021-07-25,1151.5
2021-07-26,1155.0
2021-07-27,1154.0
2021-07-28,1154.0
2021-07-29,1146.5
2021-07-30,1152.0
2021-07-31,1152.0
2021-08-01,1152.0
2021-08-02,1151.0
2021-08-03,1148.5
2021-08-04,1144.0
2021-08-05,1143.5
2021-08-06,1146.0
2021-08-07,1146.0
2021-08-08,1146.0
2021-08-09,1146.0
2021-08-10,1151.0
2021-08-11,1157.0
2021-08-12,1163.5
2021-08-13,1169.0
2021-08-14,1169.0
2021-08-15,1169.0
2021-08-16,1169.0
2021-08-17,1174.5
2021-08-18,1170.5
2021-08-19,1177.0
2021-08-20,1183.5
2021-08-21,1183.5
2021-08-22,1183.5
2021-08-23,1172.0
2021-08-24,1167.5
2021-08-25,1167.5
2021-08-26,1170.5
2021-08-27,1170.0
2021-08-28,1170.0
2021-08-29,1170.0
2021-08-30,1165.0
2021-08-31,1157.5
2021-09-01,1159.5
2021-09-02,1159.0
2021-09-03,1157.0
2021-09-04,1157.0
2021-09-05,1157.0
2021-09-06,1157.0
2021-09-07,1162.0
2021-09-08,1167.0
2021-09-09,1170.0
2021-09-10,1170.0
2021-09-11,1170.0
2021-09-12,1170.0
2021-09-13,1175.0
2021-09-14,1171.5
2021-09-15,1168.0
2021-09-16,1173.5
2021-09-17,1184.0
2021-09-18,1184.0
2021-09-19,1184.0
2021-09-20,1184.0
2021-09-21,1184.0
2021-09-22,1184.0
2021-09-23,1174.0
2021-09-24,1178.0
2021-09-25,1178.0
2021-09-26,1178.0
2021-09-27,1181.0
2021-09-28,1187.0
2021-09-29,1185.0
2021-09-30,1186.0
2021-10-01,1187.0
2021-10-02,1187.0
2021-10-03,1187.0
2021-10-04,1187.0
2021-10-05,1187.5
2021-10-06,1196.5
2021-10-07,1190.5
2021-10-08,1196.0
2021-10-09,1196.0
2021-10-10,1196.0
2021-10-11,1196.0
2021-10-12,1196.5
2021-10-13,1192.5
2021-10-14,1186.5
2021-10-15,1183.5
2021-10-16,1183.5
2021-10-17,1183.5
2021-10-18,1187.5
2021-10-19,1178.5
2021-10-20,1175.0
2021-10-21,1177.5
2021-10-22,1176.0
2021-10-23,1176.0
2021-10-24,1176.0
2021-10-25,1171.0
2021-10-26,1167.0
2021-10-27,1173.5
2021-10-28,1170.5
2021-10-29,1174.0
2021-10-30,1174.0
2021-10-31,1174.0
2021-11-01,1178.5
2021-11-02,1176.5
2021-11-03,1182.0
2021-11-04,1185.5
2021-11-05,1186.5
2021-11-06,1186.5
2021-11-07,1186.5
2021-11-08,1184.0
2021-11-09,1176.0
2021-11-10,1179.0
2021-11-11,1183.0
2021-11-12,1179.5
2021-11-13,1179.5
2021-11-14,1179.5
2021-11-15,1179.5
2021-11-16,1181.5
2021-11-17,1181.5
2021-11-18,1182.5
2021-11-19,1190.0
2021-11-20,1190.0
2021-11-21,1190.0
2021-11-22,1187.0
2021-11-23,1189.0
2021-11-24,1187.5
2021-11-25,1190.5
2021-11-26,1196.0
2021-11-27,1196.0
2021-11-28,1196.0
2021-11-29,1192.0
2021-11-30,1190.0
2021-12-01,1180.5
2021-12-02,1177.0
2021-12-03,1183.0
2021-12-04,1183.0
2021-12-05,1183.0
2021-12-06,1182.0
2021-12-07,1179.0
2021-12-08,1177.0
2021-12-09,1176.5
2021-12-10,1182.0
2021-12-11,1182.0
2021-12-12,1182.0
2021-12-13,1182.0
2021-12-14,1182.5
2021-12-15,1187.5
2021-12-16,1184.5
2021-12-17,1186.0
2021-12-18,1186.0
2021-12-19,1186.0
2021-12-20,1192.5
2021-12-21,1193.0
2021-12-22,1192.0
2021-12-23,1188.0
2021-12-24,1187.5
2021-12-25,1187.5
2021-12-26,1187.5
2021-12-27,1188.0
2021-12-28,1188.5
2021-12-29,1187.0
2021-12-30,1189.5
2021-12-31,1190.5
2022-01-01,1190.5
2022-01-02,1190.5
2022-01-03,1193.5
2022-01-04,1196.5
2022-01-05,1198.0
2022-01-06,1203.5
2022-01-07,1204.0
2022-01-08,1204.0
2022-01-09,1204.0
2022-01-10,1198.0
2022-01-11,1194.0
2022-01-12,1192.5
2022-01-13,1185.5
2022-01-14,1190.0
2022-01-15,1190.0
2022-01-16,1190.0
2022-01-17,1192.5
2022-01-18,1192.5
2022-01-19,1191.0
2022-01-20,1191.0
2022-01-21,1192.5
2022-01-22,1192.5
2022-01-23,1192.5
2022-01-24,1197.5
2022-01-25,1198.0
2022-01-26,1198.5
2022-01-27,1203.5
2022-01-28,1209.0
2022-01-29,1209.0
2022-01-30,1209.0
2022-01-31,1209.0
2022-02-01,1209.0
2022-02-02,1209.0
2022-02-03,1204.5
2022-02-04,1199.5
2022-02-05,1199.5
2022-02-06,1199.5
2022-02-07,1200.5
2022-02-08,1198.5
2022-02-09,1196.0
2022-02-10,1196.5
2022-02-11,1199.5
2022-02-12,1199.5
2022-02-13,1199.5
2022-02-14,1197.5
2022-02-15,1197.5
2022-02-16,1198.0
2022-02-17,1197.5
2022-02-18,1195.5
2022-02-19,1195.5
2022-02-20,1195.5
2022-02-21,1192.5
2022-02-22,1193.0
2022-02-23,1192.0
2022-02-24,1204.5
2022-02-25,1204.5
2022-02-26,1204.5
2022-02-27,1204.5
2022-02-28,1204.5
2022-03-01,1204.5
2022-03-02,1207.5
2022-03-03,1207.0
2022-03-04,1217.5
2022-03-05,1217.5
2022-03-06,1217.5
2022-03-07,1230.5
2022-03-08,1235.5
2022-03-09,1235.5
2022-03-10,1228.5
2022-03-11,1237.0
2022-03-12,1237.0
2022-03-13,1237.0
2022-03-14,1239.0
2022-03-15,1245.5
2022-03-16,1234.5
2022-03-17,1213.0
2022-03-18,1215.5
2022-03-19,1215.5
2022-03-20,1215.5
2022-03-21,1215.5
2022-03-22,1219.5
2022-03-23,1216.5
2022-03-24,1223.5
2022-03-25,1224.0
2022-03-26,1224.0
2022-03-27,1224.0
2022-03-28,1224.5
2022-03-29,1219.0
2022-03-30,1211.5
2022-03-31,1213.5
2022-04-01,1220.0
2022-04-02,1220.0
2022-04-03,1220.0
2022-04-04,1216.0
2022-04-05,1214.0
2022-04-06,1218.0
2022-04-07,1220.5
2022-04-08,1228.0
2022-04-09,1228.0
2022-04-10,1228.0
2022-04-11,1233.5
2022-04-12,1232.0
2022-04-13,1228.5
2022-04-14,1227.5
2022-04-15,1229.5
2022-04-16,1229.5
2022-04-17,1229.5
2022-04-18,1235.0
2022-04-19,1239.5
2022-04-20,1235.0
2022-04-21,1238.0
2022-04-22,1243.5
2022-04-23,1243.5
2022-04-24,1243.5
2022-04-25,1252.5
2022-04-26,1254.5
2022-04-27,1265.0
2022-04-28,1273.5
2022-04-29,1263.0
2022-04-30,1263.0
2022-05-01,1263.0
2022-05-02,1267.0
2022-05-03,1267.5
2022-05-04,1266.5
2022-05-05,1266.5
2022-05-06,1270.5
2022-05-07,1270.5
2022-05-08,1270.5
2022-05-09,1277.5
2022-05-10,1276.0
2022-05-11,1274.5
2022-05-12,1290.5
2022-05-13,1284.0
2022-05-14,1284.0
2022-05-15,1284.0
2022-05-16,1285.0
2022-05-17,1270.5
2022-05-18,1267.5
2022-05-19,1278.0
2022-05-20,1273.0
2022-05-21,1273.0
2022-05-22,1273.0
2022-05-23,1264.5
2022-05-24,1265.0
2022-05-25,1271.0
2022-05-26,1265.5
2022-05-27,1256.0
2022-05-28,1256.0
2022-05-29,1256.0
2022-05-30,1238.5
2022-05-31,1248.0
2022-06-01,1248.0
2022-06-02,1250.5
2022-06-03,1252.0
2022-06-04,1252.0
2022-06-05,1252.0
2022-06-06,1252.0
2022-06-07,1257.5
2022-06-08,1257.5
2022-06-09,1256.0
2022-06-10,1280.0
2022-06-11,1280.0
2022-06-12,1280.0
2022-06-13,1288.0
2022-06-14,1289.5
2022-06-15,1291.5
2022-06-16,1293.5
2022-06-17,1295.0
2022-06-18,1295.0
2022-06-19,1295.0
2022-06-20,1293.0
2022-06-21,1293.5
2022-06-22,1302.5
2022-06-23,1303.5
2022-06-24,1296.0
2022-06-25,1296.0
2022-06-26,1296.0
2022-06-27,1285.0
2022-06-28,1291.0
2022-06-29,1297.5
2022-06-30,1301.5
2022-07-01,1298.0
2022-07-02,1298.0
2022-07-03,1298.0
2022-07-04,1295.5
2022-07-05,1311.5
2022-07-06,1306.0
2022-07-07,1300.5
2022-07-08,1300.0
2022-07-09,1300.0
2022-07-10,1300.0
2022-07-11,1314.0
2022-07-12,1309.0
2022-07-13,1305.0
2022-07-14,1324.0
2022-07-15,1325.0
2022-07-16,1325.0
2022-07-17,1325.0
2022-07-18,1315.5
2022-07-19,1309.0
2022-07-20,1312.0
2022-07-21,1315.0
2022-07-22,1310.0
2022-07-23,1310.0
2022-07-24,1310.0
2022-07-25,1312.0
2022-07-26,1311.0
2022-07-27,1314.0
2022-07-28,1303.5
2022-07-29,1304.5
2022-07-30,1304.5
2022-07-31,1304.5
2022-08-01,1305.0
2022-08-02,1312.0
2022-08-03,1312.0
2022-08-04,1308.0
2022-08-05,1304.0
2022-08-06,1304.0
2022-08-07,1304.0
2022-08-08,1305.0
2022-08-09,1307.0
2022-08-10,1305.0
2022-08-11,1302.0
2022-08-12,1312.0
2022-08-13,1312.0
2022-08-14,1312.0
2022-08-15,1312.0
2022-08-16,1313.0
2022-08-17,1316.0
2022-08-18,1326.0
2022-08-19,1336.0
2022-08-20,1336.0
2022-08-21,1336.0
2022-08-22,1343.0
2022-08-23,1338.0
2022-08-24,1343.0
2022-08-25,1337.5
2022-08-26,1343.0
2022-08-27,1343.0
2022-08-28,1343.0
2022-08-29,1349.5
2022-08-30,1346.0
2022-08-31,1344.5
2022-09-01,1358.5
2022-09-02,1363.0
2022-09-03,1363.0
2022-09-04,1363.0
2022-09-05,1372.0
2022-09-06,1379.5
2022-09-07,1386.0
2022-09-08,1379.0
2022-09-09,1379.0
2022-09-10,1379.0
2022-09-11,1379.0
2022-09-12,1379.0
2022-09-13,1390.0
2022-09-14,1394.0
2022-09-15,1399.0
2022-09-16,1390.0
2022-09-17,1390.0
2022-09-18,1390.0
2022-09-19,1394.0
2022-09-20,1395.0
2022-09-21,1396.0
2022-09-22,1406.0
2022-09-23,1423.0
2022-09-24,1423.0
2022-09-25,1423.0
2022-09-26,1425.0
2022-09-27,1427.0
2022-09-28,1440.0
2022-09-29,1434.0
2022-09-30,1439.0
2022-10-01,1439.0
2022-10-02,1439.0
2022-10-03,1439.0
2022-10-04,1428.0
2022-10-05,1424.0
2022-10-06,1411.0
2022-10-07,1429.0
2022-10-08,1429.0
2022-10-09,1429.0
2022-10-10,1429.0
2022-10-11,1435.5
2022-10-12,1433.0
2022-10-13,1439.0
2022-10-14,1442.5
2022-10-15,1442.5
2022-10-16,1442.5
2022-10-17,1436.0
2022-10-18,1427.0
2022-10-19,1434.0
2022-10-20,1427.0
2022-10-21,1438.0
2022-10-22,1438.0
2022-10-23,1438.0
2022-10-24,1442.0
2022-10-25,1433.0
2022-10-26,1420.0
2022-10-27,1423.0
2022-10-28,1425.5
2022-10-29,1425.5
2022-10-30,1425.5
2022-10-31,1431.0
2022-11-01,1421.0
2022-11-02,1421.0
2022-11-03,1427.0
2022-11-04,1411.0
2022-11-05,1411.0
2022-11-06,1411.0
2022-11-07,1398.0
2022-11-08,1382.0
2022-11-09,1368.5
2022-11-10,1365.0
2022-11-11,1319.0
2022-11-12,1319.0
2022-11-13,1319.0
2022-11-14,1330.0
2022-11-15,1316.0
2022-11-16,1328.0
2022-11-17,1352.0
2022-11-18,1343.0
2022-11-19,1343.0
2022-11-20,1343.0
2022-11-21,1361.0
2022-11-22,1357.0
2022-11-23,1352.0
2022-11-24,1331.0
2022-11-25,1338.0
2022-11-26,1338.0
2022-11-27,1338.0
2022-11-28,1338.0
2022-11-29,1331.0
2022-11-30,1319.0
2022-12-01,1309.0
2022-12-02,1302.0
2022-12-03,1302.0
2022-12-04,1302.0
2022-12-05,1304.0
2022-12-06,1321.0
2022-12-07,1320.0
2022-12-08,1320.0
2022-12-09,1306.0
2022-12-10,1306.0
2022-12-11,1306.0
2022-12-12,1309.0
2022-12-13,1298.0
2022-12-14,1298.0
2022-12-15,1319.0
2022-12-16,1310.0
2022-12-17,1310.0
2022-12-18,1310.0
2022-12-19,1304.0
2022-12-20,1288.0
2022-12-21,1286.0
2022-12-22,1288.0
2022-12-23,1284.0
2022-12-24,1284.0
2022-12-25,1284.0
2022-12-26,1277.0
2022-12-27,1272.0
2022-12-28,1274.5
2022-12-29,1265.0
2022-12-30,1263.0
2022-12-31,1263.0
2023-01-01,1263.0
2023-01-02,1273.0
2023-01-03,1279.0
2023-01-04,1273.0
2023-01-05,1275.0
2023-01-06,1260.0
2023-01-07,1260.0
2023-01-08,1260.0
2023-01-09,1243.0
2023-01-10,1245.0
2023-01-11,1247.0
2023-01-12,1243.0
2023-01-13,1242.0
2023-01-14,1242.0
2023-01-15,1242.0
2023-01-16,1242.0
2023-01-17,1240.0
2023-01-18,1239.0
2023-01-19,1235.0
2023-01-20,1239.0
2023-01-21,1239.0
2023-01-22,1239.0
2023-01-23,1239.0
2023-01-24,1239.0
2023-01-25,1235.0
2023-01-26,1234.0
2023-01-27,1235.0
2023-01-28,1235.0
2023-01-29,1235.0
2023-01-30,1234.0
2023-01-31,1236.0
2023-02-01,1226.0
2023-02-02,1229.0
2023-02-03,1251.0
2023-02-04,1251.0
2023-02-05,1251.0
2023-02-06,1262.0
2023-02-07,1259.0
2023-02-08,1263.0
2023-02-09,1265.0
2023-02-10,1270.5
2023-02-11,1270.5
2023-02-12,1270.5
2023-02-13,1277.0
2023-02-14,1273.5
2023-02-15,1287.0
2023-02-16,1290.0
2023-02-17,1300.0
2023-02-18,1300.0
2023-02-19,1300.0
2023-02-20,1297.5
2023-02-21,1307.5
2023-02-22,1305.0
2023-02-23,1298.0
2023-02-24,1318.0
2023-02-25,1318.0
2023-02-26,1318.0
2023-02-27,1320.0
2023-02-28,1310.0
2023-03-01,1310.0
2023-03-02,1315.0
2023-03-03,1301.0
2023-03-04,1301.0
2023-03-05,1301.0
2023-03-06,1301.5
2023-03-07,1318.0
2023-03-08,1318.5
2023-03-09,1325.0
2023-03-10,1323.0
2023-03-11,1323.0
2023-03-12,1323.0
2023-03-13,1300.0
2023-03-14,1308.0
2023-03-15,1317.0
2023-03-16,1306.0
2023-03-17,1309.5
2023-03-18,1309.5
2023-03-19,1309.5
2023-03-20,1309.0
2023-03-21,1305.0
2023-03-22,1302.0
2023-03-23,1288.0
2023-03-24,1300.0
2023-03-25,1300.0
2023-03-26,1300.0
2023-03-27,1300.0
2023-03-28,1300.5
2023-03-29,1305.0
2023-03-30,1298.5
2023-03-31,1310.0
2023-04-01,1310.0
2023-04-02,1310.0
2023-04-03,1311.0
2023-04-04,1314.0
2023-04-05,1318.0
2023-04-06,1319.5
2023-04-07,1319.0
2023-04-08,1319.0
2023-04-09,1319.0
2023-04-10,1322.5
2023-04-11,1323.0
2023-04-12,1323.5
2023-04-13,1304.5
2023-04-14,1307.0
2023-04-15,1307.0
2023-04-16,1307.0
2023-04-17,1320.5
2023-04-18,1319.5
2023-04-19,1331.0
2023-04-20,1325.5
2023-04-21,1332.0
2023-04-22,1332.0
2023-04-23,1332.0
2023-04-24,1334.5
2023-04-25,1341.0
2023-04-26,1338.5
2023-04-27,1341.0
2023-04-28,1343.0
2023-04-29,1343.0
2023-04-30,1343.0
2023-05-01,1343.0
2023-05-02,1342.0
2023-05-03,1336.0
2023-05-04,1327.0
2023-05-05,1327.0
2023-05-06,1327.0
2023-05-07,1327.0
2023-05-08,1324.0
2023-05-09,1326.5
2023-05-10,1321.0
2023-05-11,1332.0
2023-05-12,1344.0
2023-05-13,1344.0
2023-05-14,1344.0
2023-05-15,1338.0
2023-05-16,1343.0
2023-05-17,1336.0
2023-05-18,1337.0
2023-05-19,1328.5
2023-05-20,1328.5
2023-05-21,1328.5
2023-05-22,1317.0
2023-05-23,1322.0
2023-05-24,1322.0
2023-05-25,1332.0
2023-05-26,1328.0
2023-05-27,1328.0
2023-05-28,1328.0
2023-05-29,1328.0
2023-05-30,1322.0
2023-05-31,1325.0
2023-06-01,1318.0
2023-06-02,1310.0
2023-06-03,1310.0
2023-06-04,1310.0
2023-06-05,1307.0
2023-06-06,1307.0
2023-06-07,1310.0
2023-06-08,1299.0
2023-06-09,1293.5
2023-06-10,1293.5
2023-06-11,1293.5
2023-06-12,1287.5
2023-06-13,1272.0
2023-06-14,1277.0
2023-06-15,1275.0
2023-06-16,1280.0
2023-06-17,1280.0
2023-06-18,1280.0
2023-06-19,1283.5
2023-06-20,1289.0
2023-06-21,1291.0
2023-06-22,1299.0
2023-06-23,1312.0
2023-06-24,1312.0
2023-06-25,1312.0
2023-06-26,1307.0
2023-06-27,1300.5
2023-06-28,1310.0
2023-06-29,1322.0
2023-06-30,1319.0
2023-07-01,1319.0
2023-07-02,1319.0
2023-07-03,1307.5
2023-07-04,1298.0
2023-07-05,1305.5
2023-07-06,1310.0
2023-07-07,1303.0
2023-07-08,1303.0
2023-07-09,1303.0
2023-07-10,1303.0
2023-07-11,1294.0
2023-07-12,1279.0
2023-07-13,1270.0
2023-07-14,1273.0
2023-07-15,1273.0
2023-07-16,1273.0
2023-07-17,1268.0
2023-07-18,1266.0
2023-07-19,1267.0
2023-07-20,1279.0
2023-07-21,1289.0
2023-07-22,1289.0
2023-07-23,1289.0
2023-07-24,1282.0
2023-07-25,1277.0
2023-07-26,1274.0
2023-07-27,1284.5
2023-07-28,1278.0
2023-07-29,1278.0
2023-07-30,1278.0
2023-07-31,1279.5
2023-08-01,1290.0
2023-08-02,1301.0
2023-08-03,1300.0
2023-08-04,1308.0
2023-08-05,1308.0
2023-08-06,1308.0
2023-08-07,1308.0
2023-08-08,1318.0
2023-08-09,1316.0
2023-08-10,1319.0
2023-08-11,1332.0
2023-08-12,1332.0
2023-08-13,1332.0
2023-08-14,1337.5
2023-08-15,1337.5
2023-08-16,1344.0
2023-08-17,1341.0
2023-08-18,1343.0
2023-08-19,1343.0
2023-08-20,1343.0
2023-08-21,1341.0
2023-08-22,1341.0
2023-08-23,1333.0
2023-08-24,1329.0
2023-08-25,1327.0
2023-08-26,1327.0
2023-08-27,1327.0
2023-08-28,1326.5
2023-08-29,1322.0
2023-08-30,1324.5
2023-08-31,1326.5
2023-09-01,1321.5
2023-09-02,1321.5
2023-09-03,1321.5
2023-09-04,1320.0
2023-09-05,1333.0
2023-09-06,1335.0
2023-09-07,1337.0
2023-09-08,1337.0
2023-09-09,1337.0
2023-09-10,1337.0
2023-09-11,1328.0
2023-09-12,1328.0
2023-09-13,1329.0
2023-09-14,1330.0
2023-09-15,1331.0
2023-09-16,1331.0
2023-09-17,1331.0
2023-09-18,1326.0
2023-09-19,1329.5
2023-09-20,1334.0
2023-09-21,1340.5
2023-09-22,1336.5
2023-09-23,1336.5
2023-09-24,1336.5
2023-09-25,1340.5
2023-09-26,1353.5
2023-09-27,1362.0
2023-09-28,1362.0
2023-09-29,1362.0
2023-09-30,1362.0
2023-10-01,1362.0
2023-10-02,1362.0
2023-10-03,1362.0
2023-10-04,1354.0
2023-10-05,1349.0
2023-10-06,1352.5
2023-10-07,1352.5
2023-10-08,1352.5
2023-10-09,1352.5
2023-10-10,1347.0
2023-10-11,1341.0
2023-10-12,1351.0
2023-10-13,1355.0
2023-10-14,1355.0
2023-10-15,1355.0
2023-10-16,1351.0
2023-10-17,1355.0
2023-10-18,1356.0
2023-10-19,1358.0
2023-10-20,1353.0
2023-10-21,1353.0
2023-10-22,1353.0
2023-10-23,1348.0
2023-10-24,1347.5
2023-10-25,1354.5
2023-10-26,1357.0
2023-10-27,1358.0
2023-10-28,1358.0
2023-10-29,1358.0
2023-10-30,1349.0
2023-10-31,1354.0
2023-11-01,1354.0
2023-11-02,1336.0
2023-11-03,1312.0
2023-11-04,1312.0
2023-11-05,1312.0
2023-11-06,1300.0
2023-11-07,1307.5
2023-11-08,1311.0
2023-11-09,1318.5
2023-11-10,1320.5
2023-11-11,1320.5
2023-11-12,1320.5
2023-11-13,1323.0
2023-11-14,1308.0
2023-11-15,1306.0
2023-11-16,1294.5
2023-11-17,1296.5
2023-11-18,1296.5
2023-11-19,1296.5
2023-11-20,1291.0
2023-11-21,1295.0
2023-11-22,1303.5
2023-11-23,1302.5
2023-11-24,1306.0
2023-11-25,1306.0
2023-11-26,1306.0
2023-11-27,1301.5
2023-11-28,1291.0
2023-11-29,1292.5
2023-11-30,1301.0
2023-12-01,1299.0
2023-12-02,1299.0
2023-12-03,1299.0
2023-12-04,1311.0
2023-12-05,1316.5
2023-12-06,1317.5
2023-12-07,1315.0
2023-12-08,1320.0
2023-12-09,1320.0
2023-12-10,1320.0
2023-12-11,1316.5
2023-12-12,1315.0
2023-12-13,1305.0
2023-12-14,1293.0
2023-12-15,1304.0
2023-12-16,1304.0
2023-12-17,1304.0
2023-12-18,1304.5
2023-12-19,1304.0
2023-12-20,1304.0
2023-12-21,1300.0
2023-12-22,1303.0
2023-12-23,1303.0
2023-12-24,1303.0
2023-12-25,1303.0
2023-12-26,1297.0
2023-12-27,1295.0
2023-12-28,1290.0
2023-12-29,1299.0
2023-12-30,1299.0
2023-12-31,1299.0
2024-01-01,1299.0
2024-01-02,1312.0
2024-01-03,1311.0
2024-01-04,1315.0
2024-01-05,1316.0
2024-01-06,1316.0
2024-01-07,1316.0
2024-01-08,1315.0
2024-01-09,1321.0
2024-01-10,1320.5
2024-01-11,1318.0
2024-01-12,1315.0
2024-01-13,1315.0
2024-01-14,1315.0
2024-01-15,1322.0
2024-01-16,1338.5
2024-01-17,1347.0
2024-01-18,1340.0
2024-01-19,1337.5
2024-01-20,1337.5
2024-01-21,1337.5
2024-01-22,1340.0
2024-01-23,1340.0
2024-01-24,1333.5
2024-01-25,1338.0
2024-01-26,1338.0
2024-01-27,1338.0
2024-01-28,1338.0
2024-01-29,1334.5
2024-01-30,1331.0
2024-01-31,1335.0
2024-02-01,1331.0
2024-02-02,1338.5
2024-02-03,1338.5
2024-02-04,1338.5
2024-02-05,1335.5
2024-02-06,1328.5
2024-02-07,1329.0
2024-02-08,1332.0
2024-02-09,1332.0
2024-02-10,1332.0
2024-02-11,1332.0
2024-02-12,1332.0
2024-02-13,1342.5
2024-02-14,1332.0
2024-02-15,1332.5
2024-02-16,1335.5
2024-02-17,1335.5
2024-02-18,1335.5
2024-02-19,1335.5
2024-02-20,1334.5
2024-02-21,1335.5
2024-02-22,1329.0
2024-02-23,1332.5
2024-02-24,1332.5
2024-02-25,1332.5
2024-02-26,1333.0
2024-02-27,1333.5
2024-02-28,1337.0
2024-02-29,1336.0
2024-03-01,1336.0
2024-03-02,1336.0
2024-03-03,1336.0
2024-03-04,1333.0
2024-03-05,1336.5
2024-03-06,1332.0
2024-03-07,1326.0
2024-03-08,1320.0
2024-03-09,1320.0
2024-03-10,1320.0
2024-03-11,1313.0
2024-03-12,1314.0
2024-03-13,1316.0
2024-03-14,1325.0
2024-03-15,1332.0
2024-03-16,1332.0
2024-03-17,1332.0
2024-03-18,1336.5
2024-03-19,1339.0
2024-03-20,1334.0
2024-03-21,1335.5
2024-03-22,1346.0
2024-03-23,1346.0
2024-03-24,1346.0
2024-03-25,1342.0
2024-03-26,1344.5
2024-03-27,1351.0
2024-03-28,1351.0
2024-03-29,1347.5
2024-03-30,1347.5
2024-03-31,1347.5
2024-04-01,1355.5
2024-04-02,1353.0
2024-04-03,1348.0
2024-04-04,1352.0
2024-04-05,1353.0
2024-04-06,1353.0
2024-04-07,1353.0
2024-04-08,1355.5
2024-04-09,1365.0
2024-04-10,1365.0
2024-04-11,1369.5
2024-04-12,1385.0
2024-04-13,1385.0
2024-04-14,1385.0
2024-04-15,1388.5
2024-04-16,1393.5
2024-04-17,1383.0
2024-04-18,1380.0
2024-04-19,1379.0
2024-04-20,1379.0
2024-04-21,1379.0
2024-04-22,1380.0
2024-04-23,1376.0
2024-04-24,1378.0
2024-04-25,1375.0
2024-04-26,1379.0
2024-04-27,1379.0
2024-04-28,1379.0
2024-04-29,1376.0
2024-04-30,1385.0
2024-05-01,1385.0
2024-05-02,1371.0
2024-05-03,1359.0
2024-05-04,1359.0
2024-05-05,1359.0
2024-05-06,1359.0
2024-05-07,1360.0
2024-05-08,1366.0
2024-05-09,1367.0
2024-05-10,1372.5
2024-05-11,1372.5
2024-05-12,1372.5
2024-05-13,1368.0
2024-05-14,1357.0
2024-05-15,1357.0
2024-05-16,1351.0
2024-05-17,1355.5
2024-05-18,1355.5
2024-05-19,1355.5
2024-05-20,1362.0
2024-05-21,1365.0
2024-05-22,1367.0
2024-05-23,1368.5
2024-05-24,1368.0
2024-05-25,1368.0
2024-05-26,1368.0
2024-05-27,1363.5
2024-05-28,1364.0
2024-05-29,1371.0
2024-05-30,1377.0
2024-05-31,1385.0
2024-06-01,1385.0
2024-06-02,1385.0
2024-06-03,1374.0
2024-06-04,1375.0
2024-06-05,1373.0
2024-06-06,1373.0
2024-06-07,1381.0
2024-06-08,1381.0
2024-06-09,1381.0
2024-06-10,1376.0
2024-06-11,1380.0
2024-06-12,1373.0
2024-06-13,1378.0
2024-06-14,1389.0
2024-06-15,1389.0
2024-06-16,1389.0
2024-06-17,1382.0
2024-06-18,1382.0
2024-06-19,1383.0
2024-06-20,1392.0
2024-06-21,1391.0
2024-06-22,1391.0
2024-06-23,1391.0
2024-06-24,1388.0
2024-06-25,1392.0
2024-06-26,1394.5
2024-06-27,1387.5
2024-06-28,1382.0
2024-06-29,1382.0
2024-06-30,1382.0
2024-07-01,1384.5
2024-07-02,1387.0
2024-07-03,1387.0
2024-07-04,1382.0
2024-07-05,1382.5
2024-07-06,1382.5
2024-07-07,1382.5
2024-07-08,1385.0
2024-07-09,1384.0
2024-07-10,1384.5
2024-07-11,1373.5
2024-07-12,1377.0
2024-07-13,1377.0
2024-07-14,1377.0
2024-07-15,1385.5
2024-07-16,1385.5
2024-07-17,1381.0
2024-07-18,1386.0
2024-07-19,1391.5
2024-07-20,1391.5
2024-07-21,1391.5
2024-07-22,1388.0
2024-07-23,1386.5
2024-07-24,1383.0
2024-07-25,1384.5
2024-07-26,1385.5
2024-07-27,1385.5
2024-07-28,1385.5
2024-07-29,1382.5
2024-07-30,1385.0
2024-07-31,1371.0
2024-08-01,1371.0
2024-08-02,1361.5
2024-08-03,1361.5
2024-08-04,1361.5
2024-08-05,1370.0
2024-08-06,1377.5
2024-08-07,1376.0
2024-08-08,1376.0
2024-08-09,1366.0
2024-08-10,1366.0
2024-08-11,1366.0
2024-08-12,1371.0
2024-08-13,1365.0
2024-08-14,1361.0
2024-08-15,1361.0
2024-08-16,1354.5
2024-08-17,1354.5
2024-08-18,1354.5
2024-08-19,1335.0
2024-08-20,1331.5
2024-08-21,1335.0
2024-08-22,1343.0
2024-08-23,1329.0
2024-08-24,1329.0
2024-08-25,1329.0
2024-08-26,1329.5
2024-08-27,1330.0
2024-08-28,1337.5
2024-08-29,1335.0
2024-08-30,1339.0
2024-08-31,1339.0
2024-09-01,1339.0
2024-09-02,1339.0
2024-09-03,1341.0
2024-09-04,1336.5
2024-09-05,1335.0
2024-09-06,1339.5
2024-09-07,1339.5
2024-09-08,1339.5
2024-09-09,1342.0
2024-09-10,1344.5
2024-09-11,1340.5
2024-09-12,1339.0
2024-09-13,1332.0
2024-09-14,1332.0
2024-09-15,1332.0
2024-09-16,1332.0
2024-09-17,1332.0
2024-09-18,1332.0
2024-09-19,1330.0
2024-09-20,1336.0
2024-09-21,1336.0
2024-09-22,1336.0
2024-09-23,1335.5
2024-09-24,1328.0
2024-09-25,1338.5
2024-09-26,1318.0
2024-09-27,1312.0
2024-09-28,1312.0
2024-09-29,1312.0
2024-09-30,1320.0
2024-10-01,1320.0
2024-10-02,1324.5
2024-10-03,1324.5
2024-10-04,1348.7
2024-10-05,1348.7
2024-10-06,1348.7
2024-10-07,1346.0
2024-10-08,1344.0
2024-10-09,1344.0
2024-10-10,1351.5
2024-10-11,1351.5
2024-10-12,1351.5
2024-10-13,1351.5
2024-10-14,1359.0
2024-10-15,1365.0
2024-10-16,1365.0
2024-10-17,1372.5
2024-10-18,1369.5
2024-10-19,1369.5
2024-10-20,1369.5
2024-10-21,1380.4
2024-10-22,1380.0
2024-10-23,1382.0
2024-10-24,1381.0
2024-10-25,1390.5
2024-10-26,1390.5
2024-10-27,1390.5
2024-10-28,1384.0
2024-10-29,1385.0
2024-10-30,1380.0
2024-10-31,1376.0
2024-11-01,1380.5
2024-11-02,1380.5
2024-11-03,1380.5
2024-11-04,1376.0
2024-11-05,1379.8
2024-11-06,1401.0
2024-11-07,1385.0
2024-11-08,1399.5
2024-11-09,1399.5
2024-11-10,1399.5
2024-11-11,1401.3
2024-11-12,1408.5
2024-11-13,1407.0
2024-11-14,1406.0
2024-11-15,1396.0
2024-11-16,1396.0
2024-11-17,1396.0
2024-11-18,1393.5
2024-11-19,1393.5
2024-11-20,1400.2
2024-11-21,1400.0
2024-11-22,1405.5
2024-11-23,1405.5
2024-11-24,1405.5
2024-11-25,1400.5
2024-11-26,1397.5
2024-11-27,1393.0
2024-11-28,1396.5
2024-11-29,1396.5
2024-11-30,1396.5
2024-12-01,1396.5
2024-12-02,1406.5
2024-12-03,1417.5
2024-12-04,1413.5
2024-12-05,1416.5
2024-12-06,1424.0
2024-12-07,1424.0
2024-12-08,1424.0
2024-12-09,1432.0
2024-12-10,1435.5
2024-12-11,1430.5
2024-12-12,1431.8
2024-12-13,1436.2
2024-12-14,1436.2
2024-12-15,1436.2
2024-12-16,1438.5
2024-12-17,1438.2
2024-12-18,1451.7
2024-12-19,1448.0
2024-12-20,1449.5
2024-12-21,1449.5
2024-12-22,1449.5
2024-12-23,1452.6
2024-12-24,1459.2
2024-12-25,1459.2
2024-12-26,1469.2
2024-12-27,1476.0
2024-12-28,1476.0
2024-12-29,1476.0
2024-12-30,1471.8
2024-12-31,1477.0
2025-01-01,1477.0
2025-01-02,1471.5
2025-01-03,1471.0
2025-01-04,1471.0
2025-01-05,1471.0
2025-01-06,1462.9
2025-01-07,1454.5
2025-01-08,1461.0
2025-01-09,1460.7
2025-01-10,1474.8
2025-01-11,1474.8
2025-01-12,1474.8
2025-01-13,1468.0
2025-01-14,1461.0
2025-01-15,1456.0
2025-01-16,1457.5
2025-01-17,1459.5
2025-01-18,1459.5
2025-01-19,1459.5
2025-01-20,1441.0
2025-01-21,1436.5
2025-01-22,1437.0
2025-01-23,1436.5
2025-01-24,1446.0
2025-01-25,1446.0
2025-01-26,1446.0
2025-01-27,1446.0
2025-01-28,1446.0
2025-01-29,1446.0
2025-01-30,1446.0
2025-01-31,1459.0
2025-02-01,1459.0
2025-02-02,1459.0
2025-02-03,1458.0
2025-02-04,1453.5
2025-02-05,1445.5
2025-02-06,1447.0
2025-02-07,1457.8
2025-02-08,1457.8
2025-02-09,1457.8
2025-02-10,1452.2
2025-02-11,1452.5
2025-02-12,1453.5
2025-02-13,1443.0
2025-02-14,1443.8
2025-02-15,1443.8
2025-02-16,1443.8
2025-02-17,1443.0
2025-02-18,1442.5
2025-02-19,1443.5
2025-02-20,1434.7
2025-02-21,1438.3
2025-02-22,1438.3
2025-02-23,1438.3
2025-02-24,1430.2
2025-02-25,1432.8
2025-02-26,1435.5
2025-02-27,1449.5
2025-02-28,1462.0
2025-03-01,1462.0
2025-03-02,1462.0
2025-03-03,1462.0
2025-03-04,1455.5
2025-03-05,1446.0
2025-03-06,1448.5
2025-03-07,1449.8
2025-03-08,1449.8
2025-03-09,1449.8
2025-03-10,1459.0
2025-03-11,1453.0
2025-03-12,1452.0
2025-03-13,1455.0
2025-03-14,1454.5
2025-03-15,1454.5
2025-03-16,1454.5
2025-03-17,1445.0
2025-03-18,1451.8
2025-03-19,1458.3
2025-03-20,1466.5
2025-03-21,1465.5
2025-03-22,1465.5
2025-03-23,1465.5
2025-03-24,1467.7
2025-03-25,1464.6
2025-03-26,1469.0
2025-03-27,1466.0
2025-03-28,1471.0
2025-03-29,1471.0
2025-03-30,1471.0
2025-03-31,1474.0
2025-04-01,1471.5
2025-04-02,1467.5
2025-04-03,1452.2
2025-04-04,1461.5
2025-04-05,1461.5
2025-04-06,1461.5
2025-04-07,1470.5
2025-04-08,1486.5
2025-04-09,1454.5
2025-04-10,1454.0
2025-04-11,1427.2
2025-04-12,1427.2
2025-04-13,1427.2
2025-04-14,1422.0
2025-04-15,1428.5
2025-04-16,1417.0
2025-04-17,1419.5
2025-04-18,1423.8
2025-04-19,1423.8
2025-04-20,1423.8
2025-04-21,1421.5
2025-04-22,1432.5
2025-04-23,1427.5
2025-04-24,1432.0
2025-04-25,1439.5
2025-04-26,1439.5
2025-04-27,1439.5
2025-04-28,1443.8
2025-04-29,1433.5
2025-04-30,1433.5
2025-05-01,1433.5
2025-05-02,1384.5
2025-05-03,1384.5
2025-05-04,1384.5
2025-05-05,1384.5
